assay_id	doc_id	description	assay_type	assay_test_type	assay_category	assay_organism	assay_tax_id	assay_strain	assay_tissue	assay_cell_type	assay_subcellular_fraction	tid	relationship_type	confidence_score	curated_by	src_id	src_assay_id	chembl_id	cell_id	bao_format	tissue_id	variant_id	aidx	assay_group
600885	49165	NOVARTIS: Inhibition of Plasmodium falciparum 3D7 (drug-susceptible) proliferation in erythrocyte-based infection assay 	F			Plasmodium falciparum	5833	3D7				50425	N	1	Autocuration	3		CHEMBL1040691		BAO_0000218			CLD0	
600886	49165	NOVARTIS: Inhibition of Plasmodium falciparum W2 (drug-resistant) proliferation in erythrocyte-based infection assay	F			Plasmodium falciparum	5833	W2				50425	N	1	Autocuration	3		CHEMBL1040692		BAO_0000218			CLD0	
688141	51887	PUBCHEM_BIOASSAY: qHTS Assay for Inhibitors of Bacillus subtilis Sfp phosphopantetheinyl transferase (PPTase). (Class of assay: confirmatory) 	F		confirmatory	Bacillus subtilis	1423					103681	D	9	Autocuration	7	1490	CHEMBL1614174		BAO_0000019			CLD0	
688155	51887	PUBCHEM_BIOASSAY: qHTS Assay for Identifying the Cell-Membrane Permeable IMPase Inhibitors: Potentiation with Lithium. (Class of assay: confirmatory) [Related pubchem assays: 901 ]	F		confirmatory	Rattus norvegicus	10116					103671	D	9	Autocuration	7	1457	CHEMBL1614234		BAO_0000019			CLD0	
688157	51887	PUBCHEM_BIOASSAY: qHTS Assay for Inhibitors of Influenza NS1 Protein Function. (Class of assay: confirmatory) 	F		confirmatory	Influenza A virus (A/WSN/1933(H1N1))	382835					103736	D	9	Autocuration	7	2326	CHEMBL1614236		BAO_0000019			CLD0	
688171	51887	PUBCHEM_BIOASSAY: qHTS for Inhibitors of Tau Fibril Formation, Fluorescence Polarization. (Class of assay: confirmatory) [Related pubchem assays: 596 ]	F		confirmatory	Homo sapiens	9606					103657	D	9	Autocuration	7	1468	CHEMBL1614250		BAO_0000019			CLD0	
688238	51887	PUBCHEM_BIOASSAY: qHTS Assay for Inhibitors of Aldehyde Dehydrogenase 1 (ALDH1A1). (Class of assay: confirmatory) [Related pubchem assays: 1030 (qHTS Validation Assay for Inhibitors of aldehyde dehydrogenase 1 (ALDH1A1))]	F		confirmatory	Homo sapiens	9606					11130	D	9	Autocuration	7	1030	CHEMBL1614458		BAO_0000019			CLD0	
688239	51887	PUBCHEM_BIOASSAY: qHTS Assay for Lipid Storage Modulators in Drosophila S3 Cells. (Class of assay: confirmatory) 	F		confirmatory	Drosophila	7215					22226	U	0	Autocuration	7	2685	CHEMBL1614459		BAO_0000019			CLD0	
688267	51887	PUBCHEM_BIOASSAY: qHTS Inhibitors of AmpC Beta-Lactamase (assay with detergent). (Class of assay: confirmatory) [Related pubchem assays: 1002 (Confirmation Concentration-Response Assay for Inhibitors of AmpC Beta-Lactamase (assay with detergent)), 585 (Promiscuous and Specific Inhibitors of AmpC Beta-Lactamase (assay without detergent) - a screen old NIH MLSMR collection), 584 (Promiscuous and Specific Inhibitors of AmpC Beta-Lactamase (assay with detergent) - a screen of the old NIH MLSMR collection), 1003 (Confirmation Cuvette-Based Assay for Inhibitors of AmpC Beta-Lactamase (assay with detergent))]	F		confirmatory	Escherichia coli	562					10027	H	8	Intermediate	7	485294	CHEMBL1614530		BAO_0000019			CLD0	
688279	51887	PUBCHEM_BIOASSAY: Fluorescence Cell-Based Secondary Assay for toxicity in mammalian fibroblasts. (Class of assay: confirmatory) [Related pubchem assays (depositor defined):AID1979, AID2007]	F		confirmatory							22226	U	0	Autocuration	7	2327	CHEMBL1613794		BAO_0000219			CLD0	
688317	51887	PUBCHEM_BIOASSAY: qHTS Assay for Inhibitors Targeting the Menin-MLL Interaction in MLL Related Leukemias: Competition With Texas Red Labeled MLL-derived Mutant Peptide. (Class of assay: confirmatory) 	F		confirmatory	Homo sapiens	9606					104677	D	5	Autocuration	7	1768	CHEMBL1614257		BAO_0000019			CLD0	
688360	51887	PUBCHEM_BIOASSAY: qHTS Assay for NPC1 Promoter Activators. (Class of assay: confirmatory) 	F		confirmatory	Homo sapiens	9606					103710	D	9	Autocuration	7	485313	CHEMBL1614342		BAO_0000019			CLD0	
688422	51887	PUBCHEM_BIOASSAY: qHTS Assay for Modulators of Lamin A Splicing. (Class of assay: confirmatory) 	F		confirmatory	Homo sapiens	9606					103668	D	9	Autocuration	7	1487	CHEMBL1614544		BAO_0000019			CLD0	
688444	51887	PUBCHEM_BIOASSAY: Fluorescence Cell-Based Secondary Assay to Identify Inhibitors of Resistant C. albicans Growth in the Presence of Fluconazole. (Class of assay: confirmatory) [Related pubchem assays (depositor defined):AID1979, AID2007]	F		confirmatory							103684	H	8	Autocuration	7	2423	CHEMBL1613820		BAO_0000219			CLD0	
688493	51887	PUBCHEM_BIOASSAY: qHTS Assay for Inhibitors of Human Jumonji Domain Containing 2E (JMJD2E). (Class of assay: confirmatory) 	F		confirmatory	Homo sapiens	9606					103659	D	9	Autocuration	7	2147	CHEMBL1613914		BAO_0000019			CLD0	
688612	51887	PUBCHEM_BIOASSAY: qHTS Assay for Inhibitors of DNA Polymerase Beta. (Class of assay: confirmatory) 	F		confirmatory	Homo sapiens	9606					10206	D	9	Autocuration	7	485314	CHEMBL1614079		BAO_0000019			CLD0	
688620	51887	PUBCHEM_BIOASSAY: qHTS for inhibitors of ROR gamma transcriptional activity. (Class of assay: confirmatory) 	F		confirmatory	Mus musculus	10090					103664	D	9	Autocuration	7	2551	CHEMBL1614087		BAO_0000019			CLD0	
688653	51887	PUBCHEM_BIOASSAY: qHTS Assay for Modulators of miRNAs and/or Inhibitors of miR-21. (Class of assay: confirmatory) 	F		confirmatory	Homo sapiens	9606					103763	M	3	Autocuration	7	2289	CHEMBL1614146		BAO_0000019			CLD0	
688671	51887	PubChem BioAssay. qHTS Assay for Inhibitors of the Human Apurinic/apyrimidinic Endonuclease 1 (APE1).   (Class of assay: confirmatory) 	F		confirmatory							101476	H	8	Autocuration	7	2517	CHEMBL1614211		BAO_0000019			CLD0	
688721	51887	PUBCHEM_BIOASSAY: qHTS Assay for Agonists of the Thyroid Stimulating Hormone Receptor. (Class of assay: confirmatory) 	F		confirmatory	Homo sapiens	9606					78	D	9	Autocuration	7	926	CHEMBL1614361		BAO_0000019			CLD0	
688724	51887	PUBCHEM_BIOASSAY: qHTS Assay for Inhibitors of Tyrosyl-DNA Phosphodiesterase (TDP1). (Class of assay: confirmatory) 	B		confirmatory	Homo sapiens	9606					103069	D	9	Autocuration	7	485290	CHEMBL1614364		BAO_0000357			CLD0	
688739	51887	PUBCHEM_BIOASSAY: qHTS for Inhibitors of Tau Fibril Formation, Thioflavin T Binding. (Class of assay: confirmatory) [Related pubchem assays: 596 ]	B		confirmatory	Homo sapiens	9606					103657	D	9	Autocuration	7	1460	CHEMBL1614421		BAO_0000357			CLD0	
688759	51887	PUBCHEM_BIOASSAY: VP16 counterscreen qHTS for inhibitors of ROR gamma transcriptional activity. (Class of assay: confirmatory) 	F		confirmatory	Mus musculus	10090					103664	D	9	Autocuration	7	2546	CHEMBL1614441		BAO_0000019			CLD0	
688810	51887	PUBCHEM_BIOASSAY: qHTS Assay for Modulators of miRNAs and/or Activators of miR-21. (Class of assay: confirmatory) 	F		confirmatory	Homo sapiens	9606					103763	M	3	Autocuration	7	2288	CHEMBL1613836		BAO_0000019			CLD0	
688812	51887	PUBCHEM_BIOASSAY: qHTS Assay for Rab9 Promoter Activators. (Class of assay: confirmatory) 	F		confirmatory	Homo sapiens	9606					103727	D	9	Autocuration	7	485297	CHEMBL1613838		BAO_0000019			CLD0	
688816	51887	PUBCHEM_BIOASSAY: qHTS Assay for Enhancers of SMN2 Splice Variant Expression. (Class of assay: confirmatory) 	F		confirmatory	Homo sapiens	9606					103665	D	9	Autocuration	7	1458	CHEMBL1613842		BAO_0000019			CLD0	
736947	51887	PUBCHEM_BIOASSAY: qHTS Assay for Inhibitors of BAZ2B. (Class of assay: confirmatory) [Related pubchem assays (depositor defined):AID504391]	F		confirmatory	Homo sapiens	9606					104016	D	9	Autocuration	7	504333	CHEMBL1738312		BAO_0000019			CLD0	
736962	51887	PUBCHEM_BIOASSAY: Dose response confirmation of uHTS chemical inhibitors of T-cell specific antigen receptor-induced NF-kB activation in a Jurkat cell line using a luminescence assay. (Class of assay: confirmatory) [Related pubchem assays (depositor defined):AID435003, AID435012, AID465]	F		confirmatory					Jurkat		22226	U	0	Autocuration	7	489035	CHEMBL1738369	503	BAO_0000219			CLD0	
736963	51887	PUBCHEM_BIOASSAY: qHTS Assay for Inhibitors of 15-hLO-2 (15-human lipoxygenase 2). (Class of assay: confirmatory) [Related pubchem assays (depositor defined):AID2312, AID2537, AID2702]	F		confirmatory	Homo sapiens	9606					10957	D	9	Autocuration	7	881	CHEMBL1613800		BAO_0000019			CLD0	
737022	51887	PUBCHEM_BIOASSAY: Dose Response selectivity of uHTS chemical inhibitors of T-cell specific antigen receptor-induced NF-kB activation in a 697B cell line using a luminescence assay. (Class of assay: confirmatory) [Related pubchem assays (depositor defined):AID435003, AID435012, AID465]	F		confirmatory							22226	U	0	Autocuration	7	489033	CHEMBL1738552		BAO_0000019			CLD0	
737053	51887	PUBCHEM_BIOASSAY: Elucidation of physiology of non-replicating, drug-tolerant Mycobacterium tuberculosis. (Class of assay: confirmatory) [Related pubchem assays (depositor defined):AID488929, AID489018, AID489025, AID492952, AID492998]	F		confirmatory							22226	U	0	Autocuration	7	488890	CHEMBL1738598		BAO_0000019			CLD0	
737098	51887	PUBCHEM_BIOASSAY: uHTS luminescence assay for the identification of compounds that inhibit NOD1. uHTS luminescence assay for the identification of compounds that inhibit NOD1, utilizing an NF-kB-mediated luciferase reporter gene activity as a measure of NOD1 modulation (Class of assay: confirmatory) [Related pubchem assays (depositor defined):AID1566, AID1575, AID1849, AID1852, AID2250, AID2255, AID2260, AID2261, AID2264, AID2333, AID2334, AID2335, AID2337, AID2466, AID2469, AID2475, AID2483, AID2485, AID2503, AID2505, AID2789, AID2792, AID2793, AID2798, AID2799, AID2800, AID2801]	F		confirmatory	Homo sapiens	9606			HEK293		80936	N	1	Autocuration	7	1578	CHEMBL1613884	722	BAO_0000219			CLD0	
737121	51887	PUBCHEM_BIOASSAY: Dose response counterscreen for uHTS small molecule activators of the adaptive arm of the Unfolded Protein Response via a luminescent-based reporter assay. (Class of assay: confirmatory) [Related pubchem assays (depositor defined):AID463104, AID463126]	F		confirmatory	Cricetulus griseus	10029					22226	U	0	Autocuration	7	489027	CHEMBL1737865		BAO_0000019			CLD0	
737127	51887	PUBCHEM_BIOASSAY: Validation screen for small molecules that induce genotoxicity in human embryonic kidney (HEK293T) cells expressing luciferase-tagged ELG1. (Class of assay: confirmatory) [Related pubchem assays (depositor defined):AID493143, AID504466]	F		confirmatory	Homo sapiens	9606					104005	D	9	Autocuration	7	493106	CHEMBL1737868		BAO_0000019			CLD0	
737173	51887	PUBCHEM_BIOASSAY: Nrf2 qHTS screen for inhibitors: Validation. (Class of assay: confirmatory) [Related pubchem assays (depositor defined):AID493163, AID504444, AID504648]	F		confirmatory	Homo sapiens	9606					103144	D	9	Autocuration	7	493153	CHEMBL1737980		BAO_0000019			CLD0	
737187	51887	PUBCHEM_BIOASSAY: qHTS Assay for Inhibitors of JMJD2A-Tudor Domain. (Class of assay: confirmatory) [Related pubchem assays (depositor defined):AID504402]	F		confirmatory	Homo sapiens	9606					101373	D	9	Autocuration	7	504339	CHEMBL1737991		BAO_0000019			CLD0	
737212	51887	PUBCHEM_BIOASSAY: uHTS Fluorescence assay for the identification of cytotoxic compounds among compounds active in NOD1 cell inhibition assay. Cytotoxicity counterscreen. (Class of assay: confirmatory) [Related pubchem assays (depositor defined):AID1566, AID1575, AID1578, AID1852, AID2001, AID2260, AID2264, AID2334, AID2335, AID2466, AID2469, AID2475, AID2503, AID2793, AID2798, AID2799, AID2800]	F		confirmatory	Homo sapiens	9606			HEK293		80936	N	1	Autocuration	7	1849	CHEMBL1614170	722	BAO_0000219			CLD0	
737256	51887	PUBCHEM_BIOASSAY: Dose response confirmation of uHTS of chemical inhibitors of B-cell specific antigen receptor-induced NF-kB activation in a 697B cell line using a luminescence assay. (Class of assay: confirmatory) [Related pubchem assays (depositor defined):AID435022, AID435025, AID465]	F		confirmatory							22226	U	0	Autocuration	7	489023	CHEMBL1738183		BAO_0000019			CLD0	
737262	51887	PUBCHEM_BIOASSAY: Dose Response confirmation of uHTS for the identification of UBC13 Polyubiquitin Inhibitors via a TR-FRET Assay. (Class of assay: confirmatory) [Related pubchem assays (depositor defined):AID485273, AID485343, AID493182]	F		confirmatory	Homo sapiens	9606					101440	D	9	Autocuration	7	493155	CHEMBL1738239		BAO_0000019			CLD0	
737287	51887	PUBCHEM_BIOASSAY: qHTS screen for small molecules that induce genotoxicity in human embryonic kidney (HEK293T) cells expressing luciferase-tagged ELG1. (Class of assay: confirmatory) [Related pubchem assays (depositor defined):AID493106, AID493143]	F		confirmatory	Homo sapiens	9606					104005	D	9	Autocuration	7	504466	CHEMBL1738317		BAO_0000019			CLD0	
737344	51887	PUBCHEM_BIOASSAY: qHTS Assay for Inhibitors of Histone Lysine Methyltransferase G9a. (Class of assay: confirmatory) [Related pubchem assays (depositor defined):AID504404]	F		confirmatory	Homo sapiens	9606					102672	D	9	Autocuration	7	504332	CHEMBL1738442		BAO_0000019			CLD0	
737353	51887	PUBCHEM_BIOASSAY: Luminescent assay for HTS discovery of chemical inhibitors of placental alkaline phosphatase confirmation. (Class of assay: confirmatory) [Related pubchem assays (depositor defined):AID1577, AID518, AID690]	F		confirmatory	Homo sapiens	9606					11919	D	9	Autocuration	7	1512	CHEMBL1738497		BAO_0000019			CLD0	
737357	51887	PUBCHEM_BIOASSAY: Luminescence Cell-Based Dose Retest to Identify Potentiators of Heat Shock Factor 1 (HSF1). (Class of assay: confirmatory) [Related pubchem assays (depositor defined):AID493224]	F		confirmatory	Mus musculus	10090					100911	D	9	Autocuration	7	435004	CHEMBL1738500		BAO_0000219			CLD0	
737370	51887	PUBCHEM_BIOASSAY: Dose response confirmation of small molecule activators of the apoptotic arm of the Unfolded Protein response via a luminescent-based reporter assay. (Class of assay: confirmatory) [Related pubchem assays (depositor defined):AID449763, AID449771]	F		confirmatory							22226	U	0	Autocuration	7	489024	CHEMBL1738513		BAO_0000019			CLD0	
737390	51887	PUBCHEM_BIOASSAY: Dose Response confirmation of uHTS for inhibitors of Sentrin-specific protease 8 (SENP8) using a Luminescent assay. (Class of assay: confirmatory) [Related pubchem assays (depositor defined):AID2540, AID2575, AID2582, AID434986]	F		confirmatory	Homo sapiens	9606					104003	D	9	Autocuration	7	488903	CHEMBL1738578		BAO_0000019			CLD0	
737400	51887	PUBCHEM_BIOASSAY: qHTS Assay for Inhibitors of GCN5L2. (Class of assay: confirmatory) [Related pubchem assays (depositor defined):AID504398]	F		confirmatory	Homo sapiens	9606					100876	D	9	Autocuration	7	504327	CHEMBL1738606		BAO_0000019			CLD0	
737403	51887	PUBCHEM_BIOASSAY: uHTS luminescence assay for the identification of compounds that inhibit NOD2 in MDP treated cells. (Class of assay: confirmatory) [Related pubchem assays (depositor defined):AID1566, AID1579, AID1849, AID2260, AID2335, AID2469, AID2503, AID2800]	F		confirmatory	Homo sapiens	9606			HEK293		80936	N	1	Autocuration	7	2001	CHEMBL1614276	722	BAO_0000219			CLD0	
737407	51887	PUBCHEM_BIOASSAY: qHTS Validation Assay for Inhibitors of HP1-beta Chromodomain Interactions with Methylated Histone Tails. (Class of assay: confirmatory) [Related pubchem assays (depositor defined):AID488962]	F		confirmatory	Homo sapiens	9606					103989	D	9	Autocuration	7	488953	CHEMBL1738610		BAO_0000019			CLD0	
737421	51887	PUBCHEM_BIOASSAY: CHOP dose-response primary assay. (Class of assay: confirmatory) [Related pubchem assays (depositor defined):AID2732, AID493217]	F		confirmatory	Cricetulus griseus	10029					105132	H	8	Autocuration	7	504322	CHEMBL1738639		BAO_0000019			CLD0	
737452	51887	PUBCHEM_BIOASSAY: XBP1 DR counterscreen for CHOP. (Class of assay: confirmatory) [Related pubchem assays (depositor defined):AID2732, AID493217]	F		confirmatory	Cricetulus griseus	10029					103972	H	8	Autocuration	7	504313	CHEMBL1738682		BAO_0000019			CLD0	
737622	51887	PUBCHEM_BIOASSAY: Dose Response selectivity of uHTS chemical inhibitors of B-cell specific antigen receptor-induced NF-kB activation in Jurkat cells using a luminescence assay. (Class of assay: confirmatory) [Related pubchem assays (depositor defined):AID435022, AID435025, AID465]	F		confirmatory					Jurkat		22226	U	0	Autocuration	7	489006	CHEMBL1738131	503	BAO_0000219			CLD0	
737623	51887	PUBCHEM_BIOASSAY: qHTS assay for re-activators of p53 using a Luc reporter. (Class of assay: confirmatory) [Related pubchem assays (depositor defined):AID504709]	F		confirmatory	Homo sapiens	9606					20053	D	9	Autocuration	7	504706	CHEMBL1738132		BAO_0000019			CLD0	
737717	51887	PUBCHEM_BIOASSAY: qHTS Validation Assay for Inhibitors for MPP8 Chromodomain Interactions with Methylated Histone Tails. (Class of assay: confirmatory) 	F		confirmatory	Homo sapiens	9606					104006	D	9	Autocuration	7	488949	CHEMBL1738402		BAO_0000019			CLD0	
737718	51887	PUBCHEM_BIOASSAY: qHTS Assay for Inhibitors of Mammalian Selenoprotein Thioredoxin Reductase 1 (TrxR1). (Class of assay: confirmatory) [Related pubchem assays (depositor defined):AID488771, AID488772]	F		confirmatory	Rattus norvegicus	10116					101420	D	9	Autocuration	7	488773	CHEMBL1613775		BAO_0000019			CLD0	
737822	51887	PUBCHEM_BIOASSAY: Cytochrome panel assay with activity outcomes. (Class of assay: other) Panel member name: p450-cyp2d6 Compounds with AC50 equal or less than 10 uM are considered active	F		other							11365	H	8	Autocuration	7	1851_2	CHEMBL1741321		BAO_0000019			CLD0	
737823	51887	PUBCHEM_BIOASSAY: Cytochrome panel assay with activity outcomes. (Class of assay: other) Panel member name: p450-cyp1a2 Compounds with AC50 equal or less than 10 uM are considered active	F		other							12594	H	8	Autocuration	7	1851_4	CHEMBL1741322		BAO_0000019			CLD0	
737824	51887	PUBCHEM_BIOASSAY: Cytochrome panel assay with activity outcomes. (Class of assay: other) Panel member name: p450-cyp2c19 Compounds with AC50 equal or less than 10 uM are considered active	F		other							12912	H	8	Autocuration	7	1851_1	CHEMBL1741323		BAO_0000019			CLD0	
737825	51887	PUBCHEM_BIOASSAY: Cytochrome panel assay with activity outcomes. (Class of assay: other) Panel member name: p450-cyp3a4 Compounds with AC50 equal or less than 10 uM are considered active	F		other							17045	H	8	Autocuration	7	1851_3	CHEMBL1741324		BAO_0000019			CLD0	
737826	51887	PUBCHEM_BIOASSAY: Cytochrome panel assay with activity outcomes. (Class of assay: other) Panel member name: p450-cyp2c9 Compounds with AC50 equal or less than 10 uM are considered active	F		other							12911	H	8	Autocuration	7	1851_5	CHEMBL1741325		BAO_0000019			CLD0	
752310	51887	PUBCHEM_BIOASSAY: Fluorescence Cell-Free Homogeneous Secondary Screen to Identify Non-Covalent Inhibitors of RecA-Intein Splicing Activity. (Class of assay: confirmatory) [Related pubchem assays (depositor defined):AID2223, AID489010, AID492950]	F		confirmatory							103988	H	8	Autocuration	7	449750	CHEMBL1794349		BAO_0000019			CLD0	
752327	51887	PUBCHEM_BIOASSAY: Dose response confirmation of uHTS hits for small molecule modulators of myocardial damage using 2-dexoy-glucose. (Class of assay: confirmatory) 	F		confirmatory				Myocardium			22226	U	0	Autocuration	7	588780	CHEMBL1794366		BAO_0000221	2349		CLD0	
752328	51887	PUBCHEM_BIOASSAY: qHTS for Inhibitors of ATXN expression: Validation. (Class of assay: confirmatory) [Related pubchem assays (depositor defined):AID588349, AID588380]	F		confirmatory							104167	H	8	Autocuration	7	588378	CHEMBL1794367		BAO_0000019			CLD0	
752347	51887	PUBCHEM_BIOASSAY: Inhibitors of the vitamin D receptor (VDR): qHTS. (Class of assay: confirmatory) [Related pubchem assays (depositor defined):AID504855]	F		confirmatory							64	H	8	Autocuration	7	504847	CHEMBL1794311		BAO_0000019			CLD0	
752386	51887	PUBCHEM_BIOASSAY: Fluorescence Cell-Free Homogeneous Secondary Screen to Identify Inhibitors of DnaB-Intein Splicing Activity. (Class of assay: confirmatory) [Related pubchem assays (depositor defined):AID2223, AID489010, AID492950]	F		confirmatory							103988	H	8	Autocuration	7	449749	CHEMBL1794324		BAO_0000019			CLD0	
752398	51887	PUBCHEM_BIOASSAY: Dose Response orthogonal kinetic assay utilizing the direct detection of NADPH for uHTS small molecule inhibitors of Plasmodium falciparum Glucose-6-phosphate dehydrogenase. (Class of assay: confirmatory) [Related pubchem assays (depositor defined):AID504690, AID504696]	F		confirmatory							104008	H	8	Autocuration	7	540269	CHEMBL1794336		BAO_0000019			CLD0	
752407	51887	PUBCHEM_BIOASSAY: Primary qHTS for delayed death inhibitors of the malarial parasite plastid, 96 hour incubation. (Class of assay: confirmatory) [Related pubchem assays (depositor defined):AID488745, AID488752, AID488774, AID504848, AID504850]	F		confirmatory	Plasmodium falciparum	5833					50425	N	1	Autocuration	7	504834	CHEMBL1794345		BAO_0000218			CLD0	
752411	51887	PUBCHEM_BIOASSAY: HTS for Inhibitors of HP1-beta Chromodomain Interactions with Methylated Histone Tails. (Class of assay: confirmatory) [Related pubchem assays (depositor defined):AID488962]	F		confirmatory							103989	H	8	Autocuration	7	540317	CHEMBL1794401		BAO_0000019			CLD0	
752434	51887	PUBCHEM_BIOASSAY: qHTS Assay for Inhibitors of Mammalian Selenoprotein Thioredoxin Reductase 1 (TrxR1): qHTS. (Class of assay: confirmatory) [Related pubchem assays (depositor defined):AID488771]	F		confirmatory							101420	H	8	Autocuration	7	588453	CHEMBL1794424		BAO_0000019			CLD0	
752471	51887	PUBCHEM_BIOASSAY: qHTS Assay for Inhibitors of RanGTP induced Rango (Ran-regulated importin-beta cargo) - Importin beta complex dissociation. (Class of assay: confirmatory) [Related pubchem assays (depositor defined):AID540262]	F		confirmatory							117113	H	6	Autocuration	7	540253	CHEMBL1794461		BAO_0000019			CLD0	
752477	51887	PUBCHEM_BIOASSAY: Inhibitors of USP1/UAF1: Pilot qHTS. (Class of assay: confirmatory) [Related pubchem assays (depositor defined):AID504878]	F		confirmatory							104169	H	8	Autocuration	7	504865	CHEMBL1794467		BAO_0000019			CLD0	
752493	51887	PUBCHEM_BIOASSAY: qHTS for Inhibitors of Polymerase Iota. (Class of assay: confirmatory) [Related pubchem assays (depositor defined):AID588623]	F		confirmatory							100972	H	8	Autocuration	7	588590	CHEMBL1794483		BAO_0000019			CLD0	
752496	51887	PUBCHEM_BIOASSAY: qHTS Assay for the Inhibitors of Human Flap endonuclease 1 (FEN1). (Class of assay: confirmatory) [Related pubchem assays (depositor defined):AID488813]	F		confirmatory							100144	H	8	Autocuration	7	588795	CHEMBL1794486		BAO_0000019			CLD0	
752509	51887	PUBCHEM_BIOASSAY: Inhibitors of Regulator of G Protein Signaling (RGS) 4: qHTS. (Class of assay: confirmatory) [Related pubchem assays (depositor defined):AID504856]	F		confirmatory							104173	H	8	Autocuration	7	504845	CHEMBL1794499		BAO_0000019			CLD0	
752522	51887	PUBCHEM_BIOASSAY: qHTS for Inhibitors of Cell Surface uPA Generation. (Class of assay: confirmatory) [Related pubchem assays (depositor defined):AID493178]	F		confirmatory							22226	U	0	Autocuration	7	540303	CHEMBL1794512		BAO_0000019			CLD0	
752533	51887	PUBCHEM_BIOASSAY: Dose response confirmation of uHTS hits for small molecule modulators of myocardial damage. (Class of assay: confirmatory) 	F		confirmatory				Myocardium	H9c2		80150	N	1	Autocuration	7	588779	CHEMBL1794523		BAO_0000219	2349		CLD0	
752546	51887	PUBCHEM_BIOASSAY: qHTS for Inhibitors of Polymerase Kappa. (Class of assay: confirmatory) [Related pubchem assays (depositor defined):AID588638]	F		confirmatory							100932	H	8	Autocuration	7	588579	CHEMBL1794536		BAO_0000019			CLD0	
752563	51887	PUBCHEM_BIOASSAY: qHTS for Inhibitors of TGF-b: Cytotox Counterscreen. (Class of assay: confirmatory) [Related pubchem assays (depositor defined):AID588855, AID588860]	F		confirmatory	Homo sapiens	9606			HepG2		81020	N	1	Autocuration	7	588856	CHEMBL1794553	726	BAO_0000219			CLD0	
752590	51887	PUBCHEM_BIOASSAY: Primary qHTS for delayed death inhibitors of the malarial parasite plastid, 48 hour incubation. (Class of assay: confirmatory) [Related pubchem assays (depositor defined):AID488752, AID488774, AID504848, AID504850]	F		confirmatory	Plasmodium falciparum	5833					50425	N	1	Autocuration	7	504832	CHEMBL1794580		BAO_0000218			CLD0	
752594	51887	PUBCHEM_BIOASSAY: qHTS for Inhibitors of TGF-b. (Class of assay: confirmatory) [Related pubchem assays (depositor defined):AID588856, AID588860]	F		confirmatory							103691	H	8	Autocuration	7	588855	CHEMBL1794584		BAO_0000019			CLD0	
809005	51887	PUBCHEM_BIOASSAY: Shn3: Cytotox assay Measured in Cell-Based System Using Plate Reader - 2134-03_Inhibitor_Dose_CherryPick_Activity. (Class of assay: confirmatory) 	F		confirmatory							22226	U	0	Autocuration	7	624134	CHEMBL1963972		BAO_0000219			CLD0	
809009	51887	PUBCHEM_BIOASSAY: NCI human tumor cell line growth inhibition assay. Data for the MDA-N Breast cell line. (Class of assay: confirmatory) 	F		confirmatory					MDA-N		81246	N	1	Autocuration	7	87	CHEMBL1963976	509	BAO_0000219			CLD0	
809014	51887	PUBCHEM_BIOASSAY: NCI human tumor cell line growth inhibition assay. Data for the SN12C Renal cell line. (Class of assay: confirmatory) 	F		confirmatory					SN12C		80498	N	1	Autocuration	7	145	CHEMBL1963981	494	BAO_0000219			CLD0	
809018	51887	PUBCHEM_BIOASSAY: NCI human tumor cell line growth inhibition assay. Data for the NCI-H23 Non-Small Cell Lung cell line. (Class of assay: confirmatory) 	F		confirmatory					NCI-H23		81281	N	1	Autocuration	7	1	CHEMBL1963985	763	BAO_0000219			CLD0	
809021	51887	PUBCHEM_BIOASSAY: Dose Response confirmation of uHTS hits for small molecule agonists of the CRF-binding protein and CRF-R2 receptor complex. (Class of assay: confirmatory) 	F		confirmatory							117090	H	6	Autocuration	7	602473	CHEMBL1963988		BAO_0000019			CLD0	
809022	51887	PUBCHEM_BIOASSAY: NCI human tumor cell line growth inhibition assay. Data for the ACHN Renal cell line. (Class of assay: confirmatory) 	F		confirmatory					ACHN		80025	N	1	Autocuration	7	139	CHEMBL1963989	626	BAO_0000219			CLD0	
809023	51887	PUBCHEM_BIOASSAY: NCI human tumor cell line growth inhibition assay. Data for the UO-31 Renal cell line. (Class of assay: confirmatory) 	F		confirmatory					UO-31		80575	N	1	Autocuration	7	143	CHEMBL1963990	601	BAO_0000219			CLD0	
809024	51887	PUBCHEM_BIOASSAY: NCI human tumor cell line growth inhibition assay. Data for the HOP-92 Non-Small Cell Lung cell line. (Class of assay: confirmatory) 	F		confirmatory					HOP-92		80972	N	1	Autocuration	7	13	CHEMBL1963991	469	BAO_0000219			CLD0	
809027	51887	PUBCHEM_BIOASSAY: NCI human tumor cell line growth inhibition assay. Data for the HL-60(TB) Leukemia cell line. (Class of assay: confirmatory) 	F		confirmatory					HL-60		80156	N	1	Autocuration	7	125	CHEMBL1963994	649	BAO_0000219			CLD0	
809031	51887	PUBCHEM_BIOASSAY: NCI human tumor cell line growth inhibition assay. Data for the DU-145 Prostate cell line. (Class of assay: confirmatory) 	F		confirmatory					DU-145		80125	N	1	Autocuration	7	43	CHEMBL1964017	408	BAO_0000219			CLD0	
809032	51887	PUBCHEM_BIOASSAY: NCI human tumor cell line growth inhibition assay. Data for the SF-539 Central Nervous System cell line. (Class of assay: confirmatory) 	F		confirmatory					SF-539		81322	N	1	Autocuration	7	49	CHEMBL1964018	730	BAO_0000219			CLD0	
809035	51887	PUBCHEM_BIOASSAY: NCI human tumor cell line growth inhibition assay. Data for the SK-MEL-5 Melanoma cell line. (Class of assay: confirmatory) 	F		confirmatory					SK-MEL-5		80488	N	1	Autocuration	7	37	CHEMBL1964021	755	BAO_0000219			CLD0	
809039	51887	PUBCHEM_BIOASSAY: NCI human tumor cell line growth inhibition assay. Data for the MALME-3M Melanoma cell line. (Class of assay: confirmatory) 	F		confirmatory					Malme-3M		81248	N	1	Autocuration	7	29	CHEMBL1964025	480	BAO_0000219			CLD0	
809044	51887	PUBCHEM_BIOASSAY: NCI human tumor cell line growth inhibition assay. Data for the K-562 Leukemia cell line. (Class of assay: confirmatory) 	F		confirmatory					K562		80186	N	1	Autocuration	7	121	CHEMBL1964030	655	BAO_0000219			CLD0	
809048	51887	PUBCHEM_BIOASSAY: NCI human tumor cell line growth inhibition assay. Data for the A498 Renal cell line. (Class of assay: confirmatory) 	F		confirmatory					A498		80021	N	1	Autocuration	7	129	CHEMBL1964034	624	BAO_0000219			CLD0	
809051	51887	PUBCHEM_BIOASSAY: NCI human tumor cell line growth inhibition assay. Data for the OVCAR-3 Ovarian cell line. (Class of assay: confirmatory) 	F		confirmatory					OVCAR-3		80354	N	1	Autocuration	7	99	CHEMBL1964037	547	BAO_0000219			CLD0	
809054	51887	PUBCHEM_BIOASSAY: NCI human tumor cell line growth inhibition assay. Data for the MOLT-4 Leukemia cell line. (Class of assay: confirmatory) 	F		confirmatory					MOLT-4		80285	N	1	Autocuration	7	123	CHEMBL1964040	537	BAO_0000219			CLD0	
809057	51887	PUBCHEM_BIOASSAY: NCI human tumor cell line growth inhibition assay. Data for the HOP-62 Non-Small Cell Lung cell line. (Class of assay: confirmatory) 	F		confirmatory					HOP-62		81201	N	1	Autocuration	7	9	CHEMBL1964043	668	BAO_0000219			CLD0	
809059	51887	PUBCHEM_BIOASSAY: NCI human tumor cell line growth inhibition assay. Data for the NCI/ADR-RES Breast cell line. (Class of assay: confirmatory) 	F		confirmatory					NCI/ADR-RES		80711	N	1	Autocuration	7	93	CHEMBL1964045	434	BAO_0000219			CLD0	
809061	51887	PUBCHEM_BIOASSAY: NCI human tumor cell line growth inhibition assay. Data for the U251 Central Nervous System cell line. (Class of assay: confirmatory) 	F		confirmatory					U-251		80560	N	1	Autocuration	7	59	CHEMBL1964047	770	BAO_0000219			CLD0	
809062	51887	PUBCHEM_BIOASSAY: NCI human tumor cell line growth inhibition assay. Data for the OVCAR-8 Ovarian cell line. (Class of assay: confirmatory) 	F		confirmatory					OVCAR-8		80357	N	1	Autocuration	7	109	CHEMBL1964048	341	BAO_0000219			CLD0	
809073	51887	PUBCHEM_BIOASSAY: NCI human tumor cell line growth inhibition assay. Data for the SNB-19 Central Nervous System cell line. (Class of assay: confirmatory) 	F		confirmatory					SNB-19		80499	N	1	Autocuration	7	53	CHEMBL1964059	532	BAO_0000219			CLD0	
809076	51887	PUBCHEM_BIOASSAY: NCI human tumor cell line growth inhibition assay. Data for the DMS 273 Small Cell Lung cell line. (Class of assay: confirmatory) 	F		confirmatory					DMS-273		80122	N	1	Autocuration	7	61	CHEMBL1964062	486	BAO_0000219			CLD0	
809077	51887	PUBCHEM_BIOASSAY: NCI human tumor cell line growth inhibition assay. Data for the MDA-MB-231/ATCC Breast cell line. (Class of assay: confirmatory) 	F		confirmatory					MDA-MB-231		81252	N	1	Autocuration	7	95	CHEMBL1964063	325	BAO_0000219			CLD0	
809079	51887	PUBCHEM_BIOASSAY: NCI human tumor cell line growth inhibition assay. Data for the SR Leukemia cell line. (Class of assay: confirmatory) 	F		confirmatory					SR		81325	N	1	Autocuration	7	115	CHEMBL1964065	572	BAO_0000219			CLD0	
809080	51887	PUBCHEM_BIOASSAY: NCI human tumor cell line growth inhibition assay. Data for the TK-10 Renal cell line. (Class of assay: confirmatory) 	F		confirmatory					TK-10		80551	N	1	Autocuration	7	141	CHEMBL1964066	787	BAO_0000219			CLD0	
809086	51887	PUBCHEM_BIOASSAY: NCI human tumor cell line growth inhibition assay. Data for the SW-620 Colon cell line. (Class of assay: confirmatory) 	F		confirmatory					SW-620		81331	N	1	Autocuration	7	81	CHEMBL1964072	305	BAO_0000219			CLD0	
809089	51887	PUBCHEM_BIOASSAY: NCI human tumor cell line growth inhibition assay. Data for the NCI-H522 Non-Small Cell Lung cell line. (Class of assay: confirmatory) 	F		confirmatory					NCI-H522		81283	N	1	Autocuration	7	15	CHEMBL1964075	600	BAO_0000219			CLD0	
809091	51887	PUBCHEM_BIOASSAY: NCI human tumor cell line growth inhibition assay. Data for the KM12 Colon cell line. (Class of assay: confirmatory) 	F		confirmatory					KM12		80192	N	1	Autocuration	7	73	CHEMBL1964077	690	BAO_0000219			CLD0	
809095	51887	PUBCHEM_BIOASSAY: S16 Schwann cell PMP22 intronic element firefly luciferase assay. (Class of assay: confirmatory) 	F		confirmatory					Schwann		104482	H	8	Autocuration	7	624032	CHEMBL1964081		BAO_0000219			CLD0	
809099	51887	PUBCHEM_BIOASSAY: NCI human tumor cell line growth inhibition assay. Data for the M14 Melanoma cell line. (Class of assay: confirmatory) 	F		confirmatory					M14		80214	N	1	Autocuration	7	25	CHEMBL1964085	577	BAO_0000219			CLD0	
809100	51887	PUBCHEM_BIOASSAY: NCI human tumor cell line growth inhibition assay. Data for the XF 498 Central Nervous System cell line. (Class of assay: confirmatory) 	F		confirmatory					XF498		80600	N	1	Autocuration	7	51	CHEMBL1964086	411	BAO_0000219			CLD0	
809101	51887	PUBCHEM_BIOASSAY: NCI human tumor cell line growth inhibition assay. Data for the NCI-H322M Non-Small Cell Lung cell line. (Class of assay: confirmatory) 	F		confirmatory					NCI-H322M		80889	N	1	Autocuration	7	5	CHEMBL1964087	715	BAO_0000219			CLD0	
809102	51887	PUBCHEM_BIOASSAY: NCI human tumor cell line growth inhibition assay. Data for the RPMI-8226 Leukemia cell line. (Class of assay: confirmatory) 	F		confirmatory					RPMI-8226		80433	N	1	Autocuration	7	113	CHEMBL1964088	741	BAO_0000219			CLD0	
809105	51887	PUBCHEM_BIOASSAY: NCI human tumor cell line growth inhibition assay. Data for the OVCAR-4 Ovarian cell line. (Class of assay: confirmatory) 	F		confirmatory					OVCAR-4		80355	N	1	Autocuration	7	105	CHEMBL1964091	493	BAO_0000219			CLD0	
809106	51887	PUBCHEM_BIOASSAY: NCI human tumor cell line growth inhibition assay. Data for the LOX IMVI Melanoma cell line. (Class of assay: confirmatory) 	F		confirmatory					LOX IMVI		81184	N	1	Autocuration	7	23	CHEMBL1964092	512	BAO_0000219			CLD0	
809113	51887	PUBCHEM_BIOASSAY: NCI human tumor cell line growth inhibition assay. Data for the BT-549 Breast cell line. (Class of assay: confirmatory) 	F		confirmatory					BT-549		81316	N	1	Autocuration	7	89	CHEMBL1964099	789	BAO_0000219			CLD0	
809292	51887	PUBCHEM_BIOASSAY: NCI human tumor cell line growth inhibition assay. Data for the SK-MEL-2 Melanoma cell line. (Class of assay: confirmatory) 	F		confirmatory					SK-MEL-2		80482	N	1	Autocuration	7	35	CHEMBL1963844	753	BAO_0000219			CLD0	
809302	51887	PUBCHEM_BIOASSAY: NCI human tumor cell line growth inhibition assay. Data for the A549/ATCC Non-Small Cell Lung cell line. (Class of assay: confirmatory) 	F		confirmatory					A549		80682	N	1	Autocuration	7	19	CHEMBL1963854	646	BAO_0000219			CLD0	
809308	51887	PUBCHEM_BIOASSAY: NCI human tumor cell line growth inhibition assay. Data for the HCC-2998 Colon cell line. (Class of assay: confirmatory) 	F		confirmatory					HCC 2998		80920	N	1	Autocuration	7	77	CHEMBL1963860	451	BAO_0000219			CLD0	
809314	51887	PUBCHEM_BIOASSAY: NCI human tumor cell line growth inhibition assay. Data for the SNB-75 Central Nervous System cell line. (Class of assay: confirmatory) 	F		confirmatory					SNB-75		81278	N	1	Autocuration	7	55	CHEMBL1963866	606	BAO_0000219			CLD0	
809316	51887	PUBCHEM_BIOASSAY: NCI human tumor cell line growth inhibition assay. Data for the HCT-15 Colon cell line. (Class of assay: confirmatory) 	F		confirmatory					HCT-15		81335	N	1	Autocuration	7	71	CHEMBL1963868	306	BAO_0000219			CLD0	
809322	51887	PUBCHEM_BIOASSAY: NCI human tumor cell line growth inhibition assay. Data for the HCT-116 Colon cell line. (Class of assay: confirmatory) 	F		confirmatory					HCT-116		80928	N	1	Autocuration	7	79	CHEMBL1963874	721	BAO_0000219			CLD0	
809324	51887	PUBCHEM_BIOASSAY: NCI human tumor cell line growth inhibition assay. Data for the SF-268 Central Nervous System cell line. (Class of assay: confirmatory) 	F		confirmatory					SF-268		81054	N	1	Autocuration	7	45	CHEMBL1963876	471	BAO_0000219			CLD0	
809328	51887	PUBCHEM_BIOASSAY: NCI human tumor cell line growth inhibition assay. Data for the EKVX Non-Small Cell Lung cell line. (Class of assay: confirmatory) 	F		confirmatory					EKVX		80834	N	1	Autocuration	7	21	CHEMBL1963880	616	BAO_0000219			CLD0	
809330	51887	PUBCHEM_BIOASSAY: NCI human tumor cell line growth inhibition assay. Data for the MCF7 Breast cell line. (Class of assay: confirmatory) 	F		confirmatory					MCF7		80224	N	1	Autocuration	7	83	CHEMBL1963882	491	BAO_0000219			CLD0	
809333	51887	PUBCHEM_BIOASSAY: NCI human tumor cell line growth inhibition assay. Data for the PC-3 Prostate cell line. (Class of assay: confirmatory) 	F		confirmatory					PC-3		80390	N	1	Autocuration	7	41	CHEMBL1963885	555	BAO_0000219			CLD0	
809335	51887	PUBCHEM_BIOASSAY: NCI human tumor cell line growth inhibition assay. Data for the DMS 114 Small Cell Lung cell line. (Class of assay: confirmatory) 	F		confirmatory					DMS-114		100085	N	1	Autocuration	7	63	CHEMBL1963887	667	BAO_0000219			CLD0	
809336	51887	PUBCHEM_BIOASSAY: Dose Response confirmation of uHTS hits for small molecule antagonists of the CRF-binding protein and CRF-R2 receptor complex. (Class of assay: confirmatory) 	F		confirmatory							117090	H	6	Autocuration	7	602180	CHEMBL1963888		BAO_0000019			CLD0	
809337	51887	PUBCHEM_BIOASSAY: NCI human tumor cell line growth inhibition assay. Data for the LXFL 529 Non-Small Cell Lung cell line. (Class of assay: confirmatory) 	F		confirmatory					LXFL 529		81212	N	1	Autocuration	7	17	CHEMBL1963889	515	BAO_0000219			CLD0	
809343	51887	PUBCHEM_BIOASSAY: NCI human tumor cell line growth inhibition assay. Data for the SK-OV-3 Ovarian cell line. (Class of assay: confirmatory) 	F		confirmatory					SK-OV-3		80493	N	1	Autocuration	7	103	CHEMBL1963895	757	BAO_0000219			CLD0	
809348	51887	PUBCHEM_BIOASSAY: NCI human tumor cell line growth inhibition assay. Data for the T-47D Breast cell line. (Class of assay: confirmatory) 	F		confirmatory					T47D		80712	N	1	Autocuration	7	91	CHEMBL1963900	594	BAO_0000219			CLD0	
809349	51887	PUBCHEM_BIOASSAY: NCI human tumor cell line growth inhibition assay. Data for the NCI-H460 Non-Small Cell Lung cell line. (Class of assay: confirmatory) 	F		confirmatory					NCI-H460		81024	N	1	Autocuration	7	7	CHEMBL1963901	676	BAO_0000219			CLD0	
809351	51887	PUBCHEM_BIOASSAY: NCI human tumor cell line growth inhibition assay. Data for the UACC-62 Melanoma cell line. (Class of assay: confirmatory) 	F		confirmatory					UACC-62		80570	N	1	Autocuration	7	31	CHEMBL1963903	657	BAO_0000219			CLD0	
809359	51887	PUBCHEM_BIOASSAY: NCI human tumor cell line growth inhibition assay. Data for the CAKI-1 Renal cell line. (Class of assay: confirmatory) 	F		confirmatory					CAKI-1		80055	N	1	Autocuration	7	131	CHEMBL1963911	498	BAO_0000219			CLD0	
809369	51887	PUBCHEM_BIOASSAY: NCI human tumor cell line growth inhibition assay. Data for the MDA-MB-435 Breast cell line. (Class of assay: confirmatory) 	F		confirmatory					MDA-MB-435		81245	N	1	Autocuration	7	85	CHEMBL1963921	687	BAO_0000219			CLD0	
809370	51887	PUBCHEM_BIOASSAY: NCI human tumor cell line growth inhibition assay. Data for the SF-295 Central Nervous System cell line. (Class of assay: confirmatory) 	F		confirmatory					SF-295		80468	N	1	Autocuration	7	47	CHEMBL1963922	747	BAO_0000219			CLD0	
809377	51887	PUBCHEM_BIOASSAY: NCI human tumor cell line growth inhibition assay. Data for the IGROV1 Ovarian cell line. (Class of assay: confirmatory) 	F		confirmatory					IGROV-1		81065	N	1	Autocuration	7	101	CHEMBL1963929	474	BAO_0000219			CLD0	
809393	51887	PUBCHEM_BIOASSAY: NCI human tumor cell line growth inhibition assay. Data for the HS 578T Breast cell line. (Class of assay: confirmatory) 	F		confirmatory					Hs-578T		80991	N	1	Autocuration	7	97	CHEMBL1963945	669	BAO_0000219			CLD0	
809401	51887	PUBCHEM_BIOASSAY: NCI human tumor cell line growth inhibition assay. Data for the 786-0 Renal cell line. (Class of assay: confirmatory) 	F		confirmatory					786-0		80640	N	1	Autocuration	7	137	CHEMBL1963953	391	BAO_0000219			CLD0	
809408	51887	PUBCHEM_BIOASSAY: NCI human tumor cell line growth inhibition assay. Data for the UACC-257 Melanoma cell line. (Class of assay: confirmatory) 	F		confirmatory					UACC-257		80568	N	1	Autocuration	7	33	CHEMBL1963960	381	BAO_0000219			CLD0	
809409	51887	PUBCHEM_BIOASSAY: NCI human tumor cell line growth inhibition assay. Data for the CCRF-CEM Leukemia cell line. (Class of assay: confirmatory) 	F		confirmatory					CCRF-CEM		80064	N	1	Autocuration	7	119	CHEMBL1963961	635	BAO_0000219			CLD0	
809411	51887	PUBCHEM_BIOASSAY: NCI human tumor cell line growth inhibition assay. Data for the DLD-1 Colon cell line. (Class of assay: confirmatory) 	F		confirmatory					DLD-1		80120	N	1	Autocuration	7	69	CHEMBL1963963	565	BAO_0000219			CLD0	
809421	51887	PUBCHEM_BIOASSAY: qHTS for Inhibitors of mutant isocitrate dehydrogenase 1 (IDH1): qHTS. (Class of assay: confirmatory) 	F		confirmatory							104483	H	8	Autocuration	7	602179	CHEMBL1964002		BAO_0000019			CLD0	
809423	51887	PUBCHEM_BIOASSAY: NCI human tumor cell line growth inhibition assay. Data for the NCI-H226 Non-Small Cell Lung cell line. (Class of assay: confirmatory) 	F		confirmatory					NCI-H226		81280	N	1	Autocuration	7	3	CHEMBL1964004	701	BAO_0000219			CLD0	
809425	51887	PUBCHEM_BIOASSAY: NCI human tumor cell line growth inhibition assay. Data for the HT29 Colon cell line. (Class of assay: confirmatory) 	F		confirmatory					HT-29		80166	N	1	Autocuration	7	65	CHEMBL1964006	786	BAO_0000219			CLD0	
809426	51887	PUBCHEM_BIOASSAY: NCI human tumor cell line growth inhibition assay. Data for the SK-MEL-28 Melanoma cell line. (Class of assay: confirmatory) 	F		confirmatory					SK-MEL-28		80485	N	1	Autocuration	7	39	CHEMBL1964007	754	BAO_0000219			CLD0	
809428	51887	PUBCHEM_BIOASSAY: NCI human tumor cell line growth inhibition assay. Data for the RXF 393 Renal cell line. (Class of assay: confirmatory) 	F		confirmatory					RXF 393		80438	N	1	Autocuration	7	133	CHEMBL1964009	743	BAO_0000219			CLD0	
809431	51887	PUBCHEM_BIOASSAY: NCI human tumor cell line growth inhibition assay. Data for the COLO 205 Colon cell line. (Class of assay: confirmatory) 	F		confirmatory					COLO 205		80099	N	1	Autocuration	7	67	CHEMBL1964012	641	BAO_0000219			CLD0	
845045	51887	PubChem BioAssay. A quantitative high throughput screen for small molecules that induce DNA re-replication in MCF 10a normal breast cells. (Class of assay: confirmatory) 	F		confirmatory	Homo sapiens	9606					103711	D	9	Autocuration	7	624296	CHEMBL2114843		BAO_0000019			CLD0	
845063	51887	PubChem BioAssay. qHTS of GLP-1 Receptor Inverse Agonists: Cytotox Screen. (Class of assay: confirmatory) 	F		confirmatory							22226	U	0	Autocuration	7	624418	CHEMBL2114861		BAO_0000019			CLD0	
845098	51887	PubChem BioAssay. Dose response confirmation of uHTS inhibitor hits of the mitochondrial permeability transition pore via a fluorescent based counterscreen assay. (Class of assay: confirmatory) 	F		confirmatory							22226	U	0	Autocuration	7	651564	CHEMBL2114896		BAO_0000019			CLD0	
845102	51887	PubChem BioAssay. qHTS Assay for Activators of ClpP. (Class of assay: confirmatory) 	F		confirmatory	Bacillus subtilis	1423					105137	H	8	Autocuration	7	651965	CHEMBL2114713		BAO_0000019			CLD0	
845127	51887	PubChem BioAssay. qHTS for Inhibitors of Glutaminase (GLS). (Class of assay: confirmatory) 	F		confirmatory	Homo sapiens	9606					105130	D	9	Autocuration	7	624170	CHEMBL2114738		BAO_0000019			CLD0	
845133	51887	PubChem BioAssay. HTS Assay for Allosteric Antagonists of the Human D2 Dopamine Receptor: Hit Validation in HTRF. (Class of assay: confirmatory) 	F		confirmatory	Homo sapiens	9606					88	D	9	Autocuration	7	624455	CHEMBL2114744		BAO_0000019			CLD0	
845164	51887	PubChem BioAssay. qHTS Assay for Inhibitors of Hepatitis C Virus (HCV). (Class of assay: confirmatory) 	F		confirmatory							22226	U	0	Autocuration	7	651820	CHEMBL2114775		BAO_0000019			CLD0	
845169	51887	PubChem BioAssay. A quantitative high throughput screen for small molecules that induce DNA re-replication in SW480 colon adenocarcinoma cells. (Class of assay: confirmatory) 	F		confirmatory	Homo sapiens	9606			SW480		103711	D	9	Autocuration	7	624297	CHEMBL2114780	773	BAO_0000219			CLD0	
845173	51887	PubChem BioAssay. qHTS for Inhibitors of ATXN expression. (Class of assay: confirmatory) 	F		confirmatory	Homo sapiens	9606					104167	D	9	Autocuration	7	651635	CHEMBL2114784		BAO_0000019			CLD0	
845177	51887	PubChem BioAssay. qHTS of GLP-1 Receptor Inverse Agonists (Inhibition Mode). (Class of assay: confirmatory) 	F		confirmatory	Homo sapiens	9606					11758	D	9	Autocuration	7	624417	CHEMBL2114788		BAO_0000019			CLD0	
845185	51887	PubChem BioAssay. qHTS for Inhibitors of WRN Helicase. (Class of assay: confirmatory) 	F		confirmatory	Homo sapiens	9606					105140	D	9	Autocuration	7	651768	CHEMBL2114796		BAO_0000019			CLD0	
845186	51887	PubChem BioAssay. qHTS assay for small molecule activators of the rat pregnane X receptor (rPXR) signaling pathway. (Class of assay: confirmatory) 	F		confirmatory	Rattus norvegicus	10116					105143	D	9	Autocuration	7	651751	CHEMBL2114797		BAO_0000019			CLD0	
845196	51887	PubChem BioAssay. qHTS Assay to Identify Small Molecule Activators of BRCA1 Expression. (Class of assay: confirmatory) 	F		confirmatory	Homo sapiens	9606					102639	D	9	Autocuration	7	624202	CHEMBL2114807		BAO_0000019			CLD0	
845199	51887	PubChem BioAssay. qHTS for Agonist of gsp, the Etiologic Mutation Responsible for Fibrous Dysplasia/McCune-Albright Syndrome: qHTS. (Class of assay: confirmatory) 	F		confirmatory	Homo sapiens	9606					100791	D	9	Autocuration	7	624287	CHEMBL2114810		BAO_0000019			CLD0	
845206	51887	PubChem BioAssay. qHTS for Antagonists of gsp, the Etiologic Mutation Responsible for Fibrous Dysplasia/McCune-Albright Syndrome: qHTS.   (Class of assay: confirmatory) 	F		confirmatory							100791	H	8	Autocuration	7	624288	CHEMBL2114817		BAO_0000019			CLD0	
845225	51887	PubChem BioAssay. qHTS Assay for Inhibitors of the HIV-1 protein Vpr. (Class of assay: confirmatory) 	F		confirmatory	Human immunodeficiency virus 1	11676					105138	D	9	Autocuration	7	651644	CHEMBL2114836		BAO_0000019			CLD0	
845231	51887	PubChem BioAssay. qHTS assay for small molecule antagonists of the retinoid-related orphan receptor gamma (ROR-gamma) signaling pathway. (Class of assay: confirmatory) 	F		confirmatory	Homo sapiens	9606					103982	D	9	Autocuration	7	651802	CHEMBL2114842		BAO_0000019			CLD0	
845258	51887	PubChem BioAssay. Dose response confirmation of uHTS inhibitor hits of the mitochondrial permeability transition pore via an absorbance assay. (Class of assay: confirmatory) 	F		confirmatory							22226	U	0	Autocuration	7	651561	CHEMBL2114926		BAO_0000019			CLD0	
954272	51887	PubChem BioAssay. qHTS for Inhibitors of human tyrosyl-DNA phosphodiesterase 1 (TDP1): qHTS in cells in absence of CPT. (Class of assay: confirmatory) 	F		confirmatory							103069	H	8	Autocuration	7	686978	CHEMBL2354221		BAO_0000019			CLD0	
954305	51887	PubChem BioAssay. qHTS for Inhibitors of human tyrosyl-DNA phosphodiesterase 1 (TDP1): qHTS in cells in presence of CPT. (Class of assay: confirmatory) 	F		confirmatory							103069	H	8	Autocuration	7	686979	CHEMBL2354254		BAO_0000019			CLD0	
954333	51887	PubChem BioAssay. qHTS of alpha-syn Inhibitors. (Class of assay: confirmatory) 	F		confirmatory							102780	H	8	Autocuration	7	652106	CHEMBL2354282		BAO_0000019			CLD0	
954338	51887	PubChem BioAssay. qHTS of TDP-43 Inhibitors. (Class of assay: confirmatory) 	F		confirmatory							105693	H	8	Autocuration	7	652104	CHEMBL2354287		BAO_0000019			CLD0	
1301428	51887	PubChem BioAssay. Inhibitors of USP1/UAF1: Primary Screen.   (Class of assay: confirmatory) 	F		confirmatory							104169	H	8	Autocuration	7	743255	CHEMBL3214953		BAO_0000019			CLD0	
1301435	51887	PubChem BioAssay. A549 Cytotoxicity Assay Measured in Cell-Based System Using Plate Reader - 7071-06_Antagonist_Dose_CherryPick_Activity.   (Class of assay: confirmatory) 	F		confirmatory					A549		22221	N	1	Autocuration	7	743412	CHEMBL3214992	646	BAO_0000219			CLD0	
1301460	51887	PubChem BioAssay. qHTS for Stage-Specific Inhibitors of Vaccinia Orthopoxvirus: mCherry Reporter Primary qHTS.   (Class of assay: confirmatory) 	F		confirmatory							22226	U	0	Autocuration	7	720579	CHEMBL3215017		BAO_0000019			CLD0	
1301485	51887	PubChem BioAssay. qHTS for Antagonist of cAMP-regulated guanine nucleotide exchange factor 2 (EPAC2): primary screen.   (Class of assay: confirmatory) 	F		confirmatory							104532	H	8	Autocuration	7	720708	CHEMBL3215046		BAO_0000019			CLD0	
1301593	51887	PubChem BioAssay. Cell Proliferation Assay Versus the ED40515 IL2 Independent  ATL cell lines.   (Class of assay: confirmatory) 	F		confirmatory							22226	U	0	Autocuration	7	1053194	CHEMBL3215154		BAO_0000019			CLD0	
1301608	51887	PubChem BioAssay. qHTS for Inhibitors of binding or entry into cells for Lassa Virus.   (Class of assay: confirmatory) 	B		confirmatory							22226	U	0	Autocuration	7	720533	CHEMBL3215169		BAO_0000019			CLD0	
1301620	51887	PubChem BioAssay. qHTS for Inhibitors of AMA1-RON; Towards Development of Antimalarial Drug Lead: Primary Screen.   (Class of assay: confirmatory) 	F		confirmatory							22226	U	0	Autocuration	7	720542	CHEMBL3215181		BAO_0000019			CLD0	
1301666	51887	PubChem BioAssay. SA13 PAX8: cytotoxicity OVCAR8 Measured in Cell-Based System Using Plate Reader - 7054-15_Inhibitor_Dose_DryPowder_Activity.   (Class of assay: confirmatory) 	F		confirmatory					OVCAR-8		22226	U	0	Autocuration	7	743197	CHEMBL3215227	341	BAO_0000219			CLD0	
1301709	51887	PubChem BioAssay. qHTS for Stage-Specific Inhibitors of Vaccinia Orthopoxvirus: Venus Reporter Primary qHTS.   (Class of assay: confirmatory) 	F		confirmatory							22226	U	0	Autocuration	7	720580	CHEMBL3215270		BAO_0000019			CLD0	
1301717	51887	PubChem BioAssay. qHTS for Inhibitors of PLK1-PDB (polo-like kinase 1 - polo-box domain): Primary Screen.   (Class of assay: confirmatory) 	F		confirmatory							10907	H	8	Autocuration	7	720504	CHEMBL3215278		BAO_0000019			CLD0	
1301859	51887	PubChem BioAssay. qHTS for Agonist of cAMP-regulated guanine nucleotide exchange factor 4 (EPAC2): primary screen.   (Class of assay: confirmatory) 	F		confirmatory							104532	H	8	Autocuration	7	720711	CHEMBL3214906		BAO_0000019			CLD0	
1301866	51887	PubChem BioAssay. qHTS for Inhibitors of binding or entry into cells for Marburg Virus.   (Class of assay: confirmatory) 	B		confirmatory							22226	U	0	Autocuration	7	720532	CHEMBL3214913		BAO_0000019			CLD0	
1301890	51887	PubChem BioAssay. qHTS for Antagonist of cAMP-regulated guanine nucleotide exchange factor 3 (EPAC1): primary screen.   (Class of assay: confirmatory) 	F		confirmatory							104531	H	8	Autocuration	7	720709	CHEMBL3214967		BAO_0000019			CLD0	
1301893	51887	PubChem BioAssay. qHTS Assay for Identifying Gametocytocidal Compounds.   (Class of assay: confirmatory) 	F		confirmatory							22226	U	0	Autocuration	7	743244	CHEMBL3214970		BAO_0000019			CLD0	
1495242	51887	PubChem BioAssay. qHTS Assay for Identifying Compounds that block Entry of Ebola Virus, Screen 1 ratio channel.   (Class of assay: confirmatory) 	F		confirmatory							22226	U	0	Autocuration	7	1117303	CHEMBL3561973		BAO_0000019			CLD0	
1495260	51887	PubChem BioAssay. Increased HeLa cells with 2N DNA content-IC50.   (Class of assay: confirmatory) 	F		confirmatory					HeLa		22226	U	0	Autocuration	7	1117349	CHEMBL3561991	308	BAO_0000219			CLD0	
1495265	51887	PubChem BioAssay. SW480 viability from Cell TiterGlo-IC50.   (Class of assay: confirmatory) 	F		confirmatory							22226	U	0	Autocuration	7	1117338	CHEMBL3561996		BAO_0000019			CLD0	
1495290	51887	PubChem BioAssay. RKO viability from Cell TiterGlo-IC50.   (Class of assay: confirmatory) 	F		confirmatory							22226	U	0	Autocuration	7	1117322	CHEMBL3562021		BAO_0000019			CLD0	
1495295	51887	PubChem BioAssay. Decreased HeLa cell count-IC50.   (Class of assay: confirmatory) 	F		confirmatory					HeLa		22226	U	0	Autocuration	7	1117347	CHEMBL3562026	308	BAO_0000219			CLD0	
1495296	51887	PubChem BioAssay. HCT116 viability from Cell TiterGlo-IC50.   (Class of assay: confirmatory) 	F		confirmatory							22226	U	0	Autocuration	7	1117332	CHEMBL3562027		BAO_0000019			CLD0	
1495307	51887	PubChem BioAssay. SNU-C1 viability from Cell TiterGlo-IC50.   (Class of assay: confirmatory) 	F		confirmatory					SNU-C1		22226	U	0	Autocuration	7	1117323	CHEMBL3562038	1604	BAO_0000219			CLD0	
1495312	51887	PubChem BioAssay. VEGF stimulated ADSC/ECFC co-culture CD31-stained tube area decrease-IC50.   (Class of assay: confirmatory) 	F		confirmatory							22226	U	0	Autocuration	7	1117337	CHEMBL3562043		BAO_0000019			CLD0	
1495338	51887	PubChem BioAssay. Colo320 viability from Cell TiterGlo-IC50.   (Class of assay: confirmatory) 	F		confirmatory							22226	U	0	Autocuration	7	1117334	CHEMBL3562069		BAO_0000019			CLD0	
1495346	51887	PubChem BioAssay. High Throughput Screening for Foot and Mouth Disease Virus Antivirals.   (Class of assay: confirmatory) 	F		confirmatory							22226	U	0	Autocuration	7	1159524	CHEMBL3562077		BAO_0000019			CLD0	
1495389	51887	PubChem BioAssay. Increased HeLa cells with 4N DNA content-IC50.   (Class of assay: confirmatory) 	F		confirmatory					HeLa		22226	U	0	Autocuration	7	1117351	CHEMBL3562120	308	BAO_0000219			CLD0	
1495390	51887	PubChem BioAssay. alkaline phosphatase stimulation in WNT3A conditioned C2C12 cells-IC50.   (Class of assay: confirmatory) 	F		confirmatory					C2C12		22226	U	0	Autocuration	7	1117327	CHEMBL3562121	376	BAO_0000219			CLD0	
1495392	51887	PubChem BioAssay. HT-29 viability from Cell TiterGlo-IC50.   (Class of assay: confirmatory) 	F		confirmatory							22226	U	0	Autocuration	7	1117330	CHEMBL3562123		BAO_0000019			CLD0	
1495393	51887	PubChem BioAssay. DLD-1 viability from Cell TiterGlo-IC50.   (Class of assay: confirmatory) 	F		confirmatory							22226	U	0	Autocuration	7	1117352	CHEMBL3562124		BAO_0000019			CLD0	
1495404	51887	PubChem BioAssay. qHTS Assay for Identifying Compounds that block Entry of Ebola Virus, Screen 1 blue channel.   (Class of assay: confirmatory) 	F		confirmatory							22226	U	0	Autocuration	7	1117301	CHEMBL3562135		BAO_0000019			CLD0	
1495405	51887	PubChem BioAssay. qHTS Assay for Identifying Compounds that block Entry of Ebola Virus, Screen 2 blue channel.   (Class of assay: confirmatory) 	F		confirmatory							22226	U	0	Autocuration	7	1117304	CHEMBL3562136		BAO_0000019			CLD0	
1495408	51887	PubChem BioAssay. Increased chromatin condensation in HeLa cells-IC50.   (Class of assay: confirmatory) 	F		confirmatory					HeLa		22226	U	0	Autocuration	7	1117350	CHEMBL3562139	308	BAO_0000219			CLD0	
1495415	51887	PubChem BioAssay. qHTS Assay for Identifying Compounds that block Entry of Ebola Virus, Screen 2 ratio channel.   (Class of assay: confirmatory) 	F		confirmatory							22226	U	0	Autocuration	7	1117305	CHEMBL3562146		BAO_0000019			CLD0	
